track_id_a,track_id_b,kind
Albums-AnaBelen_Veneo-11,Albums-Chrisanne2-12,exact
Albums-Fire-08,Albums-Fire-09,exact
Albums-Latin_Jam2-05,Albums-Latin_Jam2-13,exact
Albums-Secret_Garden-01,Media-104705,exact
Albums-AnaBelen_Veneo-03,Albums-AnaBelen_Veneo-15,recording
Albums-Ballroom_Magic-03,Albums-Ballroom_Magic-18,recording
Albums-Latin_Jam-04,Albums-Latin_Jam-13,recording
Albums-Latin_Jam-08,Albums-Latin_Jam-14,recording
Albums-Latin_Jam-06,Albums-Latin_Jam-15,recording
Albums-Latin_Jam2-02,Albums-Latin_Jam2-14,recording
Albums-Latin_Jam2-07,Albums-Latin_Jam2-15,recording
Albums-Latin_Jam3-02,Media-103414,recording
Media-103402,Media-103415,recording
