track_id,split,dance_style,duplicate_group
Albums-AnaBelen_Veneo-01,test,rumba,Albums-AnaBelen_Veneo-01
Albums-AnaBelen_Veneo-02,test,samba,Albums-AnaBelen_Veneo-02
Albums-AnaBelen_Veneo-03,development,rumba,Albums-AnaBelen_Veneo-03
Albums-AnaBelen_Veneo-11,test,quickstep,Albums-AnaBelen_Veneo-11
Albums-AnaBelen_Veneo-13,test,rumba,Albums-AnaBelen_Veneo-13
Albums-AnaBelen_Veneo-15,development,rumba,Albums-AnaBelen_Veneo-03
Albums-Ballroom_Classics4-01,development,waltz,Albums-Ballroom_Classics4-01
Albums-Ballroom_Classics4-02,test,waltz,Albums-Ballroom_Classics4-02
Albums-Ballroom_Classics4-03,test,waltz,Albums-Ballroom_Classics4-03
Albums-Ballroom_Classics4-04,development,waltz,Albums-Ballroom_Classics4-04
Albums-Ballroom_Classics4-05,test,waltz,Albums-Ballroom_Classics4-05
Albums-Ballroom_Classics4-06,test,tango,Albums-Ballroom_Classics4-06
Albums-Ballroom_Classics4-07,test,tango,Albums-Ballroom_Classics4-07
Albums-Ballroom_Classics4-08,test,tango,Albums-Ballroom_Classics4-08
Albums-Ballroom_Classics4-09,development,tango,Albums-Ballroom_Classics4-09
Albums-Ballroom_Classics4-10,development,tango,Albums-Ballroom_Classics4-10
Albums-Ballroom_Classics4-11,development,viennesewaltz,Albums-Ballroom_Classics4-11
Albums-Ballroom_Classics4-12,test,viennesewaltz,Albums-Ballroom_Classics4-12
Albums-Ballroom_Classics4-13,test,viennesewaltz,Albums-Ballroom_Classics4-13
Albums-Ballroom_Classics4-14,test,viennesewaltz,Albums-Ballroom_Classics4-14
Albums-Ballroom_Classics4-18,test,quickstep,Albums-Ballroom_Classics4-18
Albums-Ballroom_Classics4-19,test,quickstep,Albums-Ballroom_Classics4-19
Albums-Ballroom_Classics4-20,test,quickstep,Albums-Ballroom_Classics4-20
Albums-Ballroom_Magic-01,test,waltz,Albums-Ballroom_Magic-01
Albums-Ballroom_Magic-02,test,waltz,Albums-Ballroom_Magic-02
Albums-Ballroom_Magic-03,development,waltz,Albums-Ballroom_Magic-03
Albums-Ballroom_Magic-04,test,waltz,Albums-Ballroom_Magic-04
Albums-Ballroom_Magic-05,test,waltz,Albums-Ballroom_Magic-05
Albums-Ballroom_Magic-06,test,tango,Albums-Ballroom_Magic-06
Albums-Ballroom_Magic-07,development,tango,Albums-Ballroom_Magic-07
Albums-Ballroom_Magic-08,test,tango,Albums-Ballroom_Magic-08
Albums-Ballroom_Magic-09,test,viennesewaltz,Albums-Ballroom_Magic-09
Albums-Ballroom_Magic-10,test,viennesewaltz,Albums-Ballroom_Magic-10
Albums-Ballroom_Magic-11,test,viennesewaltz,Albums-Ballroom_Magic-11
Albums-Ballroom_Magic-15,development,quickstep,Albums-Ballroom_Magic-15
Albums-Ballroom_Magic-16,test,quickstep,Albums-Ballroom_Magic-16
Albums-Ballroom_Magic-17,test,quickstep,Albums-Ballroom_Magic-17
Albums-Ballroom_Magic-18,development,waltz,Albums-Ballroom_Magic-03
Albums-Cafe_Paradiso-01,test,samba,Albums-Cafe_Paradiso-01
Albums-Cafe_Paradiso-02,test,samba,Albums-Cafe_Paradiso-02
Albums-Cafe_Paradiso-03,test,samba,Albums-Cafe_Paradiso-03
Albums-Cafe_Paradiso-04,development,samba,Albums-Cafe_Paradiso-04
Albums-Cafe_Paradiso-05,development,chachacha,Albums-Cafe_Paradiso-05
Albums-Cafe_Paradiso-06,test,chachacha,Albums-Cafe_Paradiso-06
Albums-Cafe_Paradiso-07,development,chachacha,Albums-Cafe_Paradiso-07
Albums-Cafe_Paradiso-08,test,chachacha,Albums-Cafe_Paradiso-08
Albums-Cafe_Paradiso-09,test,rumba,Albums-Cafe_Paradiso-09
Albums-Cafe_Paradiso-10,test,rumba,Albums-Cafe_Paradiso-10
Albums-Cafe_Paradiso-11,test,rumba,Albums-Cafe_Paradiso-11
Albums-Cafe_Paradiso-12,test,rumba,Albums-Cafe_Paradiso-12
Albums-Cafe_Paradiso-14,test,jive,Albums-Cafe_Paradiso-14
Albums-Cafe_Paradiso-15,test,jive,Albums-Cafe_Paradiso-15
Albums-Cafe_Paradiso-16,test,jive,Albums-Cafe_Paradiso-16
Albums-Chrisanne1-01,test,waltz,Albums-Chrisanne1-01
Albums-Chrisanne1-02,test,waltz,Albums-Chrisanne1-02
Albums-Chrisanne1-03,test,waltz,Albums-Chrisanne1-03
Albums-Chrisanne1-04,test,tango,Albums-Chrisanne1-04
Albums-Chrisanne1-05,test,tango,Albums-Chrisanne1-05
Albums-Chrisanne1-06,test,tango,Albums-Chrisanne1-06
Albums-Chrisanne1-07,test,viennesewaltz,Albums-Chrisanne1-07
Albums-Chrisanne1-08,test,viennesewaltz,Albums-Chrisanne1-08
Albums-Chrisanne1-12,test,quickstep,Albums-Chrisanne1-12
Albums-Chrisanne1-13,development,quickstep,Albums-Chrisanne1-13
Albums-Chrisanne1-14,test,quickstep,Albums-Chrisanne1-14
Albums-Chrisanne2-01,test,waltz,Albums-Chrisanne2-01
Albums-Chrisanne2-02,test,waltz,Albums-Chrisanne2-02
Albums-Chrisanne2-03,development,waltz,Albums-Chrisanne2-03
Albums-Chrisanne2-04,test,tango,Albums-Chrisanne2-04
Albums-Chrisanne2-05,test,tango,Albums-Chrisanne2-05
Albums-Chrisanne2-06,test,tango,Albums-Chrisanne2-06
Albums-Chrisanne2-07,test,viennesewaltz,Albums-Chrisanne2-07
Albums-Chrisanne2-11,development,quickstep,Albums-Chrisanne2-11
Albums-Chrisanne2-12,test,quickstep,Albums-AnaBelen_Veneo-11
Albums-Chrisanne3-01,test,waltz,Albums-Chrisanne3-01
Albums-Chrisanne3-02,test,waltz,Albums-Chrisanne3-02
Albums-Chrisanne3-03,test,waltz,Albums-Chrisanne3-03
Albums-Chrisanne3-04,test,tango,Albums-Chrisanne3-04
Albums-Chrisanne3-05,development,tango,Albums-Chrisanne3-05
Albums-Chrisanne3-06,test,tango,Albums-Chrisanne3-06
Albums-Chrisanne3-07,test,viennesewaltz,Albums-Chrisanne3-07
Albums-Chrisanne3-08,test,viennesewaltz,Albums-Chrisanne3-08
Albums-Chrisanne3-09,test,viennesewaltz,Albums-Chrisanne3-09
Albums-Chrisanne3-13,test,quickstep,Albums-Chrisanne3-13
Albums-Chrisanne3-14,test,quickstep,Albums-Chrisanne3-14
Albums-Chrisanne3-15,test,quickstep,Albums-Chrisanne3-15
Albums-Commitments-08,test,jive,Albums-Commitments-08
Albums-Commitments-10,test,jive,Albums-Commitments-10
Albums-Commitments-11,test,waltz,Albums-Commitments-11
Albums-Fire-01,test,chachacha,Albums-Fire-01
Albums-Fire-02,development,samba,Albums-Fire-02
Albums-Fire-03,test,rumba,Albums-Fire-03
Albums-Fire-07,test,jive,Albums-Fire-07
Albums-Fire-08,test,chachacha,Albums-Fire-08
Albums-Fire-09,test,samba,Albums-Fire-08
Albums-Fire-10,test,rumba,Albums-Fire-10
Albums-Fire-12,test,jive,Albums-Fire-12
Albums-Fire-13,development,waltz,Albums-Fire-13
Albums-Fire-14,test,chachacha,Albums-Fire-14
Albums-Fire-15,test,samba,Albums-Fire-15
Albums-GloriaEstefan_MiTierra-01,test,rumba,Albums-GloriaEstefan_MiTierra-01
Albums-GloriaEstefan_MiTierra-04,development,rumba,Albums-GloriaEstefan_MiTierra-04
Albums-GloriaEstefan_MiTierra-06,test,rumba,Albums-GloriaEstefan_MiTierra-06
Albums-GloriaEstefan_MiTierra-08,test,rumba,Albums-GloriaEstefan_MiTierra-08
Albums-GloriaEstefan_MiTierra-11,test,rumba,Albums-GloriaEstefan_MiTierra-11
Albums-I_Like_It2-01,development,chachacha,Albums-I_Like_It2-01
Albums-I_Like_It2-02,development,chachacha,Albums-I_Like_It2-02
Albums-I_Like_It2-09,test,rumba,Albums-I_Like_It2-09
Albums-Latin_Jam-01,test,chachacha,Albums-Latin_Jam-01
Albums-Latin_Jam-02,test,rumba,Albums-Latin_Jam-02
Albums-Latin_Jam-03,development,samba,Albums-Latin_Jam-03
Albums-Latin_Jam-04,test,chachacha,Albums-Latin_Jam-04
Albums-Latin_Jam-05,test,rumba,Albums-Latin_Jam-05
Albums-Latin_Jam-06,test,samba,Albums-Latin_Jam-06
Albums-Latin_Jam-07,test,chachacha,Albums-Latin_Jam-07
Albums-Latin_Jam-08,test,rumba,Albums-Latin_Jam-08
Albums-Latin_Jam-09,test,samba,Albums-Latin_Jam-09
Albums-Latin_Jam-11,test,jive,Albums-Latin_Jam-11
Albums-Latin_Jam-12,test,jive,Albums-Latin_Jam-12
Albums-Latin_Jam-13,test,chachacha,Albums-Latin_Jam-04
Albums-Latin_Jam-14,test,rumba,Albums-Latin_Jam-08
Albums-Latin_Jam-15,test,samba,Albums-Latin_Jam-06
Albums-Latin_Jam2-01,test,samba,Albums-Latin_Jam2-01
Albums-Latin_Jam2-02,development,samba,Albums-Latin_Jam2-02
Albums-Latin_Jam2-03,development,samba,Albums-Latin_Jam2-03
Albums-Latin_Jam2-04,test,chachacha,Albums-Latin_Jam2-04
Albums-Latin_Jam2-05,development,chachacha,Albums-Latin_Jam2-05
Albums-Latin_Jam2-06,test,chachacha,Albums-Latin_Jam2-06
Albums-Latin_Jam2-07,test,rumba,Albums-Latin_Jam2-07
Albums-Latin_Jam2-08,test,rumba,Albums-Latin_Jam2-08
Albums-Latin_Jam2-09,test,rumba,Albums-Latin_Jam2-09
Albums-Latin_Jam2-11,test,jive,Albums-Latin_Jam2-11
Albums-Latin_Jam2-12,test,jive,Albums-Latin_Jam2-12
Albums-Latin_Jam2-13,development,chachacha,Albums-Latin_Jam2-05
Albums-Latin_Jam2-14,development,samba,Albums-Latin_Jam2-02
Albums-Latin_Jam2-15,test,rumba,Albums-Latin_Jam2-07
Albums-Latin_Jam3-01,test,chachacha,Albums-Latin_Jam3-01
Albums-Latin_Jam3-02,test,chachacha,Albums-Latin_Jam3-02
Albums-Latin_Jam3-03,test,chachacha,Albums-Latin_Jam3-03
Albums-Latin_Jam3-04,test,samba,Albums-Latin_Jam3-04
Albums-Latin_Jam3-05,development,samba,Albums-Latin_Jam3-05
Albums-Latin_Jam3-06,test,samba,Albums-Latin_Jam3-06
Albums-Latin_Jam3-07,test,rumba,Albums-Latin_Jam3-07
Albums-Latin_Jam3-08,development,rumba,Albums-Latin_Jam3-08
Albums-Latin_Jam3-09,test,rumba,Albums-Latin_Jam3-09
Albums-Latin_Jam3-11,test,jive,Albums-Latin_Jam3-11
Albums-Latin_Jam3-12,test,jive,Albums-Latin_Jam3-12
Albums-Latin_Jam4-01,test,chachacha,Albums-Latin_Jam4-01
Albums-Latin_Jam4-02,test,samba,Albums-Latin_Jam4-02
Albums-Latin_Jam4-03,development,rumba,Albums-Latin_Jam4-03
Albums-Latin_Jam4-05,test,jive,Albums-Latin_Jam4-05
Albums-Latin_Jam4-06,test,chachacha,Albums-Latin_Jam4-06
Albums-Latin_Jam4-07,test,samba,Albums-Latin_Jam4-07
Albums-Latin_Jam4-08,test,rumba,Albums-Latin_Jam4-08
Albums-Latin_Jam4-10,development,jive,Albums-Latin_Jam4-10
Albums-Latin_Jam4-11,test,chachacha,Albums-Latin_Jam4-11
Albums-Latin_Jam4-12,test,samba,Albums-Latin_Jam4-12
Albums-Latin_Jam4-13,test,rumba,Albums-Latin_Jam4-13
Albums-Latin_Jam5-01,test,samba,Albums-Latin_Jam5-01
Albums-Latin_Jam5-02,test,chachacha,Albums-Latin_Jam5-02
Albums-Latin_Jam5-03,development,rumba,Albums-Latin_Jam5-03
Albums-Latin_Jam5-04,test,jive,Albums-Latin_Jam5-04
Albums-Latin_Jam5-06,test,samba,Albums-Latin_Jam5-06
Albums-Latin_Jam5-07,test,chachacha,Albums-Latin_Jam5-07
Albums-Latin_Jam5-08,test,rumba,Albums-Latin_Jam5-08
Albums-Latin_Jam5-09,test,jive,Albums-Latin_Jam5-09
Albums-Latin_Jam5-10,test,samba,Albums-Latin_Jam5-10
Albums-Latin_Jam5-11,test,chachacha,Albums-Latin_Jam5-11
Albums-Latin_Jam5-12,test,rumba,Albums-Latin_Jam5-12
Albums-Latino_Latino-01,development,chachacha,Albums-Latino_Latino-01
Albums-Latino_Latino-03,test,samba,Albums-Latino_Latino-03
Albums-Latino_Latino-04,test,chachacha,Albums-Latino_Latino-04
Albums-Latino_Latino-05,test,rumba,Albums-Latino_Latino-05
Albums-Latino_Latino-06,development,chachacha,Albums-Latino_Latino-06
Albums-Latino_Latino-09,test,rumba,Albums-Latino_Latino-09
Albums-Latino_Latino-10,test,rumba,Albums-Latino_Latino-10
Albums-Macumba-01,test,chachacha,Albums-Macumba-01
Albums-Macumba-02,test,chachacha,Albums-Macumba-02
Albums-Macumba-03,test,chachacha,Albums-Macumba-03
Albums-Macumba-04,test,chachacha,Albums-Macumba-04
Albums-Macumba-05,test,samba,Albums-Macumba-05
Albums-Macumba-06,test,samba,Albums-Macumba-06
Albums-Macumba-07,test,samba,Albums-Macumba-07
Albums-Macumba-08,development,samba,Albums-Macumba-08
Albums-Macumba-09,test,rumba,Albums-Macumba-09
Albums-Macumba-10,development,rumba,Albums-Macumba-10
Albums-Macumba-11,test,rumba,Albums-Macumba-11
Albums-Macumba-12,development,rumba,Albums-Macumba-12
Albums-Macumba-14,development,jive,Albums-Macumba-14
Albums-Macumba-15,test,jive,Albums-Macumba-15
Albums-Macumba-16,development,jive,Albums-Macumba-16
Albums-Mambo_Kings-03,development,chachacha,Albums-Mambo_Kings-03
Albums-Mambo_Kings-10,test,chachacha,Albums-Mambo_Kings-10
Albums-Mambo_Kings-11,test,chachacha,Albums-Mambo_Kings-11
Albums-Mambo_Kings-12,test,chachacha,Albums-Mambo_Kings-12
Albums-Pais_Tropical-01,test,samba,Albums-Pais_Tropical-01
Albums-Pais_Tropical-02,development,samba,Albums-Pais_Tropical-02
Albums-Pais_Tropical-03,test,samba,Albums-Pais_Tropical-03
Albums-Pais_Tropical-04,development,samba,Albums-Pais_Tropical-04
Albums-Pais_Tropical-05,test,chachacha,Albums-Pais_Tropical-05
Albums-Pais_Tropical-06,test,chachacha,Albums-Pais_Tropical-06
Albums-Pais_Tropical-07,test,chachacha,Albums-Pais_Tropical-07
Albums-Pais_Tropical-08,development,chachacha,Albums-Pais_Tropical-08
Albums-Pais_Tropical-09,development,rumba,Albums-Pais_Tropical-09
Albums-Pais_Tropical-10,development,rumba,Albums-Pais_Tropical-10
Albums-Pais_Tropical-11,test,rumba,Albums-Pais_Tropical-11
Albums-Pais_Tropical-12,test,rumba,Albums-Pais_Tropical-12
Albums-Pais_Tropical-13,test,jive,Albums-Pais_Tropical-13
Albums-Pais_Tropical-14,test,jive,Albums-Pais_Tropical-14
Albums-Pais_Tropical-15,test,jive,Albums-Pais_Tropical-15
Albums-Pais_Tropical-16,test,jive,Albums-Pais_Tropical-16
Albums-Secret_Garden-01,development,waltz,Albums-Secret_Garden-01
Albums-Secret_Garden-02,test,waltz,Albums-Secret_Garden-02
Albums-Secret_Garden-05,test,waltz,Albums-Secret_Garden-05
Albums-Secret_Garden-06,test,waltz,Albums-Secret_Garden-06
Albums-Step_By_Step-01,test,waltz,Albums-Step_By_Step-01
Albums-Step_By_Step-02,test,waltz,Albums-Step_By_Step-02
Albums-Step_By_Step-03,test,waltz,Albums-Step_By_Step-03
Albums-Step_By_Step-04,test,waltz,Albums-Step_By_Step-04
Albums-Step_By_Step-05,test,tango,Albums-Step_By_Step-05
Albums-Step_By_Step-06,test,tango,Albums-Step_By_Step-06
Albums-Step_By_Step-07,test,tango,Albums-Step_By_Step-07
Albums-Step_By_Step-08,test,tango,Albums-Step_By_Step-08
Albums-Step_By_Step-09,development,viennesewaltz,Albums-Step_By_Step-09
Albums-Step_By_Step-10,development,viennesewaltz,Albums-Step_By_Step-10
Albums-Step_By_Step-11,test,viennesewaltz,Albums-Step_By_Step-11
Albums-Step_By_Step-15,test,quickstep,Albums-Step_By_Step-15
Albums-Step_By_Step-16,test,quickstep,Albums-Step_By_Step-16
Albums-Step_By_Step-17,test,quickstep,Albums-Step_By_Step-17
Albums-Step_By_Step-18,test,quickstep,Albums-Step_By_Step-18
Albums-StrictlyDancing_Tango-01,test,tango,Albums-StrictlyDancing_Tango-01
Albums-StrictlyDancing_Tango-02,test,tango,Albums-StrictlyDancing_Tango-02
Albums-StrictlyDancing_Tango-03,test,tango,Albums-StrictlyDancing_Tango-03
Albums-StrictlyDancing_Tango-04,test,tango,Albums-StrictlyDancing_Tango-04
Albums-StrictlyDancing_Tango-05,test,tango,Albums-StrictlyDancing_Tango-05
Albums-StrictlyDancing_Tango-06,test,tango,Albums-StrictlyDancing_Tango-06
Albums-StrictlyDancing_Tango-07,test,tango,Albums-StrictlyDancing_Tango-07
Albums-StrictlyDancing_Tango-08,test,tango,Albums-StrictlyDancing_Tango-08
Albums-StrictlyDancing_Tango-09,development,tango,Albums-StrictlyDancing_Tango-09
Albums-StrictlyDancing_Tango-10,test,tango,Albums-StrictlyDancing_Tango-10
Albums-StrictlyDancing_Tango-11,test,tango,Albums-StrictlyDancing_Tango-11
Albums-StrictlyDancing_Tango-12,test,tango,Albums-StrictlyDancing_Tango-12
Albums-StrictlyDancing_Tango-13,test,tango,Albums-StrictlyDancing_Tango-13
Albums-StrictlyDancing_Tango-14,test,tango,Albums-StrictlyDancing_Tango-14
Albums-StrictlyDancing_Tango-15,test,tango,Albums-StrictlyDancing_Tango-15
Media-100601,test,waltz,Media-100601
Media-100602,test,waltz,Media-100602
Media-100603,test,waltz,Media-100603
Media-100604,development,waltz,Media-100604
Media-100605,test,tango,Media-100605
Media-100606,test,tango,Media-100606
Media-100607,development,tango,Media-100607
Media-100608,development,viennesewaltz,Media-100608
Media-100609,test,viennesewaltz,Media-100609
Media-100610,development,viennesewaltz,Media-100610
Media-100614,test,quickstep,Media-100614
Media-100615,test,quickstep,Media-100615
Media-100616,test,quickstep,Media-100616
Media-103301,test,waltz,Media-103301
Media-103302,test,waltz,Media-103302
Media-103303,test,waltz,Media-103303
Media-103304,test,tango,Media-103304
Media-103305,development,tango,Media-103305
Media-103306,test,tango,Media-103306
Media-103307,test,viennesewaltz,Media-103307
Media-103308,test,viennesewaltz,Media-103308
Media-103312,test,quickstep,Media-103312
Media-103313,development,quickstep,Media-103313
Media-103314,test,quickstep,Media-103314
Media-103315,test,viennesewaltz,Media-103315
Media-103401,test,chachacha,Media-103401
Media-103402,test,chachacha,Media-103402
Media-103403,test,chachacha,Media-103403
Media-103404,test,chachacha,Media-103404
Media-103405,test,chachacha,Media-103405
Media-103406,test,chachacha,Media-103406
Media-103407,development,chachacha,Media-103407
Media-103408,test,chachacha,Media-103408
Media-103409,test,chachacha,Media-103409
Media-103410,test,chachacha,Media-103410
Media-103411,test,chachacha,Media-103411
Media-103412,test,chachacha,Media-103412
Media-103413,test,chachacha,Media-103413
Media-103414,test,chachacha,Albums-Latin_Jam3-02
Media-103415,test,chachacha,Media-103402
Media-103416,test,chachacha,Media-103416
Media-103417,test,chachacha,Media-103417
Media-103501,test,samba,Media-103501
Media-103502,test,samba,Media-103502
Media-103503,test,samba,Media-103503
Media-103504,test,samba,Media-103504
Media-103505,test,samba,Media-103505
Media-103506,test,samba,Media-103506
Media-103507,development,chachacha,Media-103507
Media-103508,test,chachacha,Media-103508
Media-103509,test,chachacha,Media-103509
Media-103510,test,chachacha,Media-103510
Media-103511,test,rumba,Media-103511
Media-103512,test,rumba,Media-103512
Media-103513,development,rumba,Media-103513
Media-103514,test,rumba,Media-103514
Media-103515,test,jive,Media-103515
Media-103516,test,jive,Media-103516
Media-103517,development,jive,Media-103517
Media-103601,test,chachacha,Media-103601
Media-103602,test,chachacha,Media-103602
Media-103603,test,chachacha,Media-103603
Media-103604,development,chachacha,Media-103604
Media-103605,test,samba,Media-103605
Media-103606,test,samba,Media-103606
Media-103607,development,samba,Media-103607
Media-103608,test,rumba,Media-103608
Media-103609,test,rumba,Media-103609
Media-103610,test,rumba,Media-103610
Media-103611,test,jive,Media-103611
Media-103612,development,jive,Media-103612
Media-103613,development,jive,Media-103613
Media-103614,test,jive,Media-103614
Media-103615,test,rumba,Media-103615
Media-103616,development,rumba,Media-103616
Media-103617,test,chachacha,Media-103617
Media-103618,test,samba,Media-103618
Media-103619,test,jive,Media-103619
Media-103701,test,chachacha,Media-103701
Media-103702,development,chachacha,Media-103702
Media-103703,development,chachacha,Media-103703
Media-103704,test,chachacha,Media-103704
Media-103705,test,samba,Media-103705
Media-103706,development,samba,Media-103706
Media-103707,development,samba,Media-103707
Media-103708,test,samba,Media-103708
Media-103709,test,rumba,Media-103709
Media-103710,test,rumba,Media-103710
Media-103711,development,rumba,Media-103711
Media-103712,test,rumba,Media-103712
Media-103713,test,jive,Media-103713
Media-103714,test,jive,Media-103714
Media-103715,test,samba,Media-103715
Media-103716,development,chachacha,Media-103716
Media-103717,development,rumba,Media-103717
Media-103718,development,jive,Media-103718
Media-103719,test,jive,Media-103719
Media-103801,test,chachacha,Media-103801
Media-103802,test,chachacha,Media-103802
Media-103803,test,chachacha,Media-103803
Media-103804,test,chachacha,Media-103804
Media-103805,test,samba,Media-103805
Media-103806,test,samba,Media-103806
Media-103807,test,samba,Media-103807
Media-103808,test,samba,Media-103808
Media-103809,test,rumba,Media-103809
Media-103810,test,rumba,Media-103810
Media-103811,development,rumba,Media-103811
Media-103812,test,rumba,Media-103812
Media-103813,development,jive,Media-103813
Media-103814,test,jive,Media-103814
Media-103815,test,samba,Media-103815
Media-103816,test,chachacha,Media-103816
Media-103817,test,rumba,Media-103817
Media-103818,test,rumba,Media-103818
Media-103819,test,jive,Media-103819
Media-103901,test,samba,Media-103901
Media-103902,test,samba,Media-103902
Media-103903,test,samba,Media-103903
Media-103904,test,samba,Media-103904
Media-103905,test,samba,Media-103905
Media-103906,test,chachacha,Media-103906
Media-103907,development,chachacha,Media-103907
Media-103908,development,chachacha,Media-103908
Media-103909,test,chachacha,Media-103909
Media-103910,test,chachacha,Media-103910
Media-103911,test,rumba,Media-103911
Media-103912,test,rumba,Media-103912
Media-103913,test,rumba,Media-103913
Media-103914,test,rumba,Media-103914
Media-103917,test,jive,Media-103917
Media-103918,test,jive,Media-103918
Media-103919,development,jive,Media-103919
Media-103920,development,jive,Media-103920
Media-104001,test,samba,Media-104001
Media-104002,test,samba,Media-104002
Media-104003,development,samba,Media-104003
Media-104004,test,samba,Media-104004
Media-104005,test,rumba,Media-104005
Media-104006,test,rumba,Media-104006
Media-104007,test,rumba,Media-104007
Media-104008,test,rumba,Media-104008
Media-104009,test,chachacha,Media-104009
Media-104010,test,chachacha,Media-104010
Media-104011,test,chachacha,Media-104011
Media-104012,test,chachacha,Media-104012
Media-104015,test,jive,Media-104015
Media-104016,test,jive,Media-104016
Media-104017,test,jive,Media-104017
Media-104101,test,samba,Media-104101
Media-104102,test,samba,Media-104102
Media-104103,test,samba,Media-104103
Media-104104,development,samba,Media-104104
Media-104105,test,samba,Media-104105
Media-104106,development,chachacha,Media-104106
Media-104107,test,chachacha,Media-104107
Media-104108,test,chachacha,Media-104108
Media-104109,test,chachacha,Media-104109
Media-104110,test,chachacha,Media-104110
Media-104111,test,chachacha,Media-104111
Media-104112,test,rumba,Media-104112
Media-104113,test,rumba,Media-104113
Media-104114,test,rumba,Media-104114
Media-104115,test,rumba,Media-104115
Media-104116,test,jive,Media-104116
Media-104117,test,jive,Media-104117
Media-104118,development,jive,Media-104118
Media-104119,test,jive,Media-104119
Media-104201,test,waltz,Media-104201
Media-104202,test,waltz,Media-104202
Media-104203,test,waltz,Media-104203
Media-104204,development,waltz,Media-104204
Media-104205,test,waltz,Media-104205
Media-104206,test,tango,Media-104206
Media-104207,test,tango,Media-104207
Media-104208,development,tango,Media-104208
Media-104209,test,viennesewaltz,Media-104209
Media-104210,test,viennesewaltz,Media-104210
Media-104211,test,viennesewaltz,Media-104211
Media-104212,test,viennesewaltz,Media-104212
Media-104216,test,quickstep,Media-104216
Media-104217,test,quickstep,Media-104217
Media-104218,development,quickstep,Media-104218
Media-104219,test,quickstep,Media-104219
Media-104301,development,waltz,Media-104301
Media-104302,test,waltz,Media-104302
Media-104303,development,waltz,Media-104303
Media-104304,development,tango,Media-104304
Media-104305,test,tango,Media-104305
Media-104306,development,tango,Media-104306
Media-104307,development,viennesewaltz,Media-104307
Media-104308,test,viennesewaltz,Media-104308
Media-104309,test,viennesewaltz,Media-104309
Media-104314,test,quickstep,Media-104314
Media-104315,development,quickstep,Media-104315
Media-104316,test,quickstep,Media-104316
Media-104317,test,quickstep,Media-104317
Media-104401,test,waltz,Media-104401
Media-104402,test,waltz,Media-104402
Media-104403,test,waltz,Media-104403
Media-104404,test,tango,Media-104404
Media-104405,test,tango,Media-104405
Media-104406,test,viennesewaltz,Media-104406
Media-104407,test,viennesewaltz,Media-104407
Media-104408,test,viennesewaltz,Media-104408
Media-104409,test,viennesewaltz,Media-104409
Media-104415,test,quickstep,Media-104415
Media-104416,test,quickstep,Media-104416
Media-104417,test,quickstep,Media-104417
Media-104418,test,quickstep,Media-104418
Media-104501,test,waltz,Media-104501
Media-104502,test,waltz,Media-104502
Media-104503,test,waltz,Media-104503
Media-104504,test,waltz,Media-104504
Media-104505,test,tango,Media-104505
Media-104506,test,tango,Media-104506
Media-104507,test,viennesewaltz,Media-104507
Media-104508,test,viennesewaltz,Media-104508
Media-104514,test,quickstep,Media-104514
Media-104515,test,quickstep,Media-104515
Media-104516,test,quickstep,Media-104516
Media-104601,development,waltz,Media-104601
Media-104602,test,waltz,Media-104602
Media-104603,test,waltz,Media-104603
Media-104604,test,waltz,Media-104604
Media-104605,test,tango,Media-104605
Media-104606,test,tango,Media-104606
Media-104607,test,viennesewaltz,Media-104607
Media-104608,test,viennesewaltz,Media-104608
Media-104609,test,viennesewaltz,Media-104609
Media-104615,test,quickstep,Media-104615
Media-104616,test,quickstep,Media-104616
Media-104617,test,quickstep,Media-104617
Media-104618,test,quickstep,Media-104618
Media-104701,test,waltz,Media-104701
Media-104702,test,waltz,Media-104702
Media-104703,development,waltz,Media-104703
Media-104704,test,waltz,Media-104704
Media-104705,development,waltz,Albums-Secret_Garden-01
Media-104706,test,tango,Media-104706
Media-104707,test,tango,Media-104707
Media-104708,test,tango,Media-104708
Media-104709,test,tango,Media-104709
Media-104710,development,tango,Media-104710
Media-104711,test,viennesewaltz,Media-104711
Media-104712,development,viennesewaltz,Media-104712
Media-104716,test,quickstep,Media-104716
Media-104717,test,quickstep,Media-104717
Media-104718,test,quickstep,Media-104718
Media-104801,test,waltz,Media-104801
Media-104802,test,waltz,Media-104802
Media-104803,development,waltz,Media-104803
Media-104804,test,waltz,Media-104804
Media-104805,test,waltz,Media-104805
Media-104806,test,tango,Media-104806
Media-104807,test,tango,Media-104807
Media-104808,test,tango,Media-104808
Media-104809,test,viennesewaltz,Media-104809
Media-104810,test,viennesewaltz,Media-104810
Media-104811,development,viennesewaltz,Media-104811
Media-104815,development,quickstep,Media-104815
Media-104816,test,quickstep,Media-104816
Media-104901,development,waltz,Media-104901
Media-104902,development,waltz,Media-104902
Media-104903,test,waltz,Media-104903
Media-104904,test,waltz,Media-104904
Media-104905,test,waltz,Media-104905
Media-104906,test,tango,Media-104906
Media-104907,test,tango,Media-104907
Media-104908,test,viennesewaltz,Media-104908
Media-104909,test,viennesewaltz,Media-104909
Media-104915,development,quickstep,Media-104915
Media-104916,development,quickstep,Media-104916
Media-104917,development,quickstep,Media-104917
Media-104918,test,quickstep,Media-104918
Media-105001,test,waltz,Media-105001
Media-105002,test,waltz,Media-105002
Media-105003,development,waltz,Media-105003
Media-105004,test,waltz,Media-105004
Media-105005,test,waltz,Media-105005
Media-105006,test,waltz,Media-105006
Media-105007,test,waltz,Media-105007
Media-105008,development,tango,Media-105008
Media-105009,test,tango,Media-105009
Media-105010,test,viennesewaltz,Media-105010
Media-105011,test,viennesewaltz,Media-105011
Media-105016,test,quickstep,Media-105016
Media-105017,development,quickstep,Media-105017
Media-105018,test,quickstep,Media-105018
Media-105019,test,quickstep,Media-105019
Media-105020,test,quickstep,Media-105020
Media-105101,test,waltz,Media-105101
Media-105102,test,waltz,Media-105102
Media-105103,test,waltz,Media-105103
Media-105104,test,waltz,Media-105104
Media-105105,test,waltz,Media-105105
Media-105106,development,waltz,Media-105106
Media-105107,test,tango,Media-105107
Media-105108,development,tango,Media-105108
Media-105109,test,tango,Media-105109
Media-105110,test,viennesewaltz,Media-105110
Media-105111,test,viennesewaltz,Media-105111
Media-105112,test,viennesewaltz,Media-105112
Media-105119,development,quickstep,Media-105119
Media-105120,test,quickstep,Media-105120
Media-105121,development,quickstep,Media-105121
Media-105122,development,quickstep,Media-105122
Media-105207,development,quickstep,Media-105207
Media-105209,development,rumba,Media-105209
Media-105210,test,waltz,Media-105210
Media-105211,test,waltz,Media-105211
Media-105212,test,waltz,Media-105212
Media-105213,development,waltz,Media-105213
Media-105214,test,waltz,Media-105214
Media-105215,test,waltz,Media-105215
Media-105301,test,waltz,Media-105301
Media-105302,development,waltz,Media-105302
Media-105303,test,waltz,Media-105303
Media-105304,test,waltz,Media-105304
Media-105305,test,tango,Media-105305
Media-105306,test,tango,Media-105306
Media-105307,test,viennesewaltz,Media-105307
Media-105308,test,viennesewaltz,Media-105308
Media-105309,test,viennesewaltz,Media-105309
Media-105313,test,quickstep,Media-105313
Media-105314,development,quickstep,Media-105314
Media-105315,test,quickstep,Media-105315
Media-105316,test,waltz,Media-105316
Media-105317,test,tango,Media-105317
Media-105318,development,viennesewaltz,Media-105318
Media-105320,test,quickstep,Media-105320
Media-105401,test,samba,Media-105401
Media-105402,test,samba,Media-105402
Media-105403,development,samba,Media-105403
Media-105404,test,samba,Media-105404
Media-105405,test,chachacha,Media-105405
Media-105406,development,chachacha,Media-105406
Media-105407,test,chachacha,Media-105407
Media-105408,test,rumba,Media-105408
Media-105409,test,rumba,Media-105409
Media-105410,test,rumba,Media-105410
Media-105411,test,rumba,Media-105411
Media-105412,test,rumba,Media-105412
Media-105413,test,jive,Media-105413
Media-105414,test,jive,Media-105414
Media-105415,test,jive,Media-105415
Media-105416,test,samba,Media-105416
Media-105417,test,chachacha,Media-105417
Media-105418,test,rumba,Media-105418
Media-105419,test,rumba,Media-105419
Media-105420,test,jive,Media-105420
Media-105501,test,waltz,Media-105501
Media-105502,test,waltz,Media-105502
Media-105503,test,waltz,Media-105503
Media-105504,test,waltz,Media-105504
Media-105505,test,tango,Media-105505
Media-105506,test,tango,Media-105506
Media-105507,test,tango,Media-105507
Media-105508,test,tango,Media-105508
Media-105509,development,viennesewaltz,Media-105509
Media-105510,test,viennesewaltz,Media-105510
Media-105511,development,viennesewaltz,Media-105511
Media-105516,test,quickstep,Media-105516
Media-105517,test,quickstep,Media-105517
Media-105518,test,quickstep,Media-105518
Media-105601,test,chachacha,Media-105601
Media-105602,test,chachacha,Media-105602
Media-105603,test,chachacha,Media-105603
Media-105604,test,chachacha,Media-105604
Media-105605,test,chachacha,Media-105605
Media-105606,test,samba,Media-105606
Media-105607,test,samba,Media-105607
Media-105608,test,samba,Media-105608
Media-105609,test,samba,Media-105609
Media-105611,development,rumba,Media-105611
Media-105612,test,rumba,Media-105612
Media-105613,development,rumba,Media-105613
Media-105614,test,rumba,Media-105614
Media-105615,development,rumba,Media-105615
Media-105701,test,waltz,Media-105701
Media-105702,development,waltz,Media-105702
Media-105703,test,waltz,Media-105703
Media-105704,test,waltz,Media-105704
Media-105705,test,tango,Media-105705
Media-105706,test,tango,Media-105706
Media-105707,test,tango,Media-105707
Media-105708,development,viennesewaltz,Media-105708
Media-105709,test,viennesewaltz,Media-105709
Media-105710,test,viennesewaltz,Media-105710
Media-105715,test,quickstep,Media-105715
Media-105716,test,quickstep,Media-105716
Media-105717,test,quickstep,Media-105717
Media-105801,test,waltz,Media-105801
Media-105802,test,waltz,Media-105802
Media-105803,test,waltz,Media-105803
Media-105804,test,waltz,Media-105804
Media-105805,test,waltz,Media-105805
Media-105806,development,tango,Media-105806
Media-105807,test,tango,Media-105807
Media-105808,development,tango,Media-105808
Media-105809,development,viennesewaltz,Media-105809
Media-105810,test,viennesewaltz,Media-105810
Media-105811,test,viennesewaltz,Media-105811
Media-105812,test,viennesewaltz,Media-105812
Media-105816,test,quickstep,Media-105816
Media-105817,test,quickstep,Media-105817
Media-105818,test,quickstep,Media-105818
Media-105819,test,quickstep,Media-105819
Media-105820,test,quickstep,Media-105820
Media-105901,test,waltz,Media-105901
Media-105902,test,waltz,Media-105902
Media-105903,development,tango,Media-105903
Media-105904,test,tango,Media-105904
Media-105905,test,tango,Media-105905
Media-105906,development,tango,Media-105906
Media-105907,test,viennesewaltz,Media-105907
Media-105911,development,quickstep,Media-105911
Media-105912,test,quickstep,Media-105912
Media-105913,test,quickstep,Media-105913
Media-105914,test,quickstep,Media-105914
Media-106001,development,samba,Media-106001
Media-106002,test,samba,Media-106002
Media-106003,test,samba,Media-106003
Media-106004,test,samba,Media-106004
Media-106005,test,chachacha,Media-106005
Media-106006,test,chachacha,Media-106006
Media-106007,test,chachacha,Media-106007
Media-106008,development,chachacha,Media-106008
Media-106009,test,rumba,Media-106009
Media-106010,development,rumba,Media-106010
Media-106011,test,rumba,Media-106011
Media-106012,test,rumba,Media-106012
Media-106015,test,jive,Media-106015
Media-106016,test,jive,Media-106016
Media-106017,test,jive,Media-106017
Media-106101,development,chachacha,Media-106101
Media-106102,test,chachacha,Media-106102
Media-106103,test,chachacha,Media-106103
Media-106104,test,chachacha,Media-106104
Media-106105,test,chachacha,Media-106105
Media-106106,test,samba,Media-106106
Media-106107,test,samba,Media-106107
Media-106108,test,samba,Media-106108
Media-106109,test,samba,Media-106109
Media-106110,test,rumba,Media-106110
Media-106111,test,rumba,Media-106111
Media-106112,test,rumba,Media-106112
Media-106113,test,rumba,Media-106113
Media-106114,development,jive,Media-106114
Media-106115,test,jive,Media-106115
Media-106116,test,jive,Media-106116
Media-106117,test,chachacha,Media-106117
Media-106118,test,samba,Media-106118
Media-106119,test,rumba,Media-106119
