track_id,split,dance_style,duplicate_group,original_audio,instrumental_audio,vocals_audio,reference_bpm,duration_seconds,estimated_vocal_seconds,estimated_vocal_fraction,human_vocals
Albums-AnaBelen_Veneo-03,development,rumba,Albums-AnaBelen_Veneo-03,data/ballroom/B_1.0/audio/Rumba-International/Albums-AnaBelen_Veneo-03.wav,data/ballroom/separated/Albums-AnaBelen_Veneo-03/instrumental.wav,data/ballroom/separated/Albums-AnaBelen_Veneo-03/vocals.wav,122.0,30.04750566893424,12.0,0.39936759251223497,
Albums-AnaBelen_Veneo-15,development,rumba,Albums-AnaBelen_Veneo-03,data/ballroom/B_1.0/audio/Rumba-International/Albums-AnaBelen_Veneo-15.wav,data/ballroom/separated/Albums-AnaBelen_Veneo-15/instrumental.wav,data/ballroom/separated/Albums-AnaBelen_Veneo-15/vocals.wav,122.0,30.04750566893424,12.0,0.39936759251223497,
Albums-Ballroom_Classics4-01,development,waltz,Albums-Ballroom_Classics4-01,data/ballroom/B_1.0/audio/Waltz/Albums-Ballroom_Classics4-01.wav,data/ballroom/separated/Albums-Ballroom_Classics4-01/instrumental.wav,data/ballroom/separated/Albums-Ballroom_Classics4-01/vocals.wav,87.0,31.787936507936507,0.0,0.0,
Albums-Ballroom_Classics4-04,development,waltz,Albums-Ballroom_Classics4-04,data/ballroom/B_1.0/audio/Waltz/Albums-Ballroom_Classics4-04.wav,data/ballroom/separated/Albums-Ballroom_Classics4-04/instrumental.wav,data/ballroom/separated/Albums-Ballroom_Classics4-04/vocals.wav,87.0,31.787936507936507,0.0,0.0,
Albums-Ballroom_Classics4-09,development,tango,Albums-Ballroom_Classics4-09,data/ballroom/B_1.0/audio/Tango/Albums-Ballroom_Classics4-09.wav,data/ballroom/separated/Albums-Ballroom_Classics4-09/instrumental.wav,data/ballroom/separated/Albums-Ballroom_Classics4-09/vocals.wav,128.0,31.787936507936507,1.0,0.03145847481324651,no
Albums-Ballroom_Classics4-10,development,tango,Albums-Ballroom_Classics4-10,data/ballroom/B_1.0/audio/Tango/Albums-Ballroom_Classics4-10.wav,data/ballroom/separated/Albums-Ballroom_Classics4-10/instrumental.wav,data/ballroom/separated/Albums-Ballroom_Classics4-10/vocals.wav,128.0,31.787936507936507,0.0,0.0,
Albums-Ballroom_Classics4-11,development,viennesewaltz,Albums-Ballroom_Classics4-11,data/ballroom/B_1.0/audio/VienneseWaltz/Albums-Ballroom_Classics4-11.wav,data/ballroom/separated/Albums-Ballroom_Classics4-11/instrumental.wav,data/ballroom/separated/Albums-Ballroom_Classics4-11/vocals.wav,174.0,31.787936507936507,0.0,0.0,no
Albums-Ballroom_Magic-03,development,waltz,Albums-Ballroom_Magic-03,data/ballroom/B_1.0/audio/Waltz/Albums-Ballroom_Magic-03.wav,data/ballroom/separated/Albums-Ballroom_Magic-03/instrumental.wav,data/ballroom/separated/Albums-Ballroom_Magic-03/vocals.wav,90.0,30.04750566893424,12.0,0.39936759251223497,
Albums-Ballroom_Magic-07,development,tango,Albums-Ballroom_Magic-07,data/ballroom/B_1.0/audio/Tango/Albums-Ballroom_Magic-07.wav,data/ballroom/separated/Albums-Ballroom_Magic-07/instrumental.wav,data/ballroom/separated/Albums-Ballroom_Magic-07/vocals.wav,128.0,30.143537414965987,1.0,0.03317460675678725,
Albums-Ballroom_Magic-15,development,quickstep,Albums-Ballroom_Magic-15,data/ballroom/B_1.0/audio/Quickstep/Albums-Ballroom_Magic-15.wav,data/ballroom/separated/Albums-Ballroom_Magic-15/instrumental.wav,data/ballroom/separated/Albums-Ballroom_Magic-15/vocals.wav,208.0,30.04750566893424,2.0,0.06656126541870583,yes
Albums-Ballroom_Magic-18,development,waltz,Albums-Ballroom_Magic-03,data/ballroom/B_1.0/audio/Waltz/Albums-Ballroom_Magic-18.wav,data/ballroom/separated/Albums-Ballroom_Magic-18/instrumental.wav,data/ballroom/separated/Albums-Ballroom_Magic-18/vocals.wav,90.0,30.04750566893424,13.0,0.4326482252215879,
Albums-Cafe_Paradiso-04,development,samba,Albums-Cafe_Paradiso-04,data/ballroom/B_1.0/audio/Samba/Albums-Cafe_Paradiso-04.wav,data/ballroom/separated/Albums-Cafe_Paradiso-04/instrumental.wav,data/ballroom/separated/Albums-Cafe_Paradiso-04/vocals.wav,100.0,30.143537414965987,17.0,0.5639683148653833,
Albums-Cafe_Paradiso-05,development,chachacha,Albums-Cafe_Paradiso-05,data/ballroom/B_1.0/audio/ChaChaCha/Albums-Cafe_Paradiso-05.wav,data/ballroom/separated/Albums-Cafe_Paradiso-05/instrumental.wav,data/ballroom/separated/Albums-Cafe_Paradiso-05/vocals.wav,124.0,30.143537414965987,13.0,0.4312698878382343,
Albums-Cafe_Paradiso-07,development,chachacha,Albums-Cafe_Paradiso-07,data/ballroom/B_1.0/audio/ChaChaCha/Albums-Cafe_Paradiso-07.wav,data/ballroom/separated/Albums-Cafe_Paradiso-07/instrumental.wav,data/ballroom/separated/Albums-Cafe_Paradiso-07/vocals.wav,124.0,30.143537414965987,9.0,0.29857146081108527,
Albums-Chrisanne1-13,development,quickstep,Albums-Chrisanne1-13,data/ballroom/B_1.0/audio/Quickstep/Albums-Chrisanne1-13.wav,data/ballroom/separated/Albums-Chrisanne1-13/instrumental.wav,data/ballroom/separated/Albums-Chrisanne1-13/vocals.wav,200.0,30.143537414965987,23.0,0.7630159554061068,yes
Albums-Chrisanne2-03,development,waltz,Albums-Chrisanne2-03,data/ballroom/B_1.0/audio/Waltz/Albums-Chrisanne2-03.wav,data/ballroom/separated/Albums-Chrisanne2-03/instrumental.wav,data/ballroom/separated/Albums-Chrisanne2-03/vocals.wav,84.0,30.143537414965987,15.0,0.4976191013518088,yes
Albums-Chrisanne2-11,development,quickstep,Albums-Chrisanne2-11,data/ballroom/B_1.0/audio/Quickstep/Albums-Chrisanne2-11.wav,data/ballroom/separated/Albums-Chrisanne2-11/instrumental.wav,data/ballroom/separated/Albums-Chrisanne2-11/vocals.wav,200.0,30.143537414965987,16.0,0.530793708108596,
Albums-Chrisanne3-05,development,tango,Albums-Chrisanne3-05,data/ballroom/B_1.0/audio/Tango/Albums-Chrisanne3-05.wav,data/ballroom/separated/Albums-Chrisanne3-05/instrumental.wav,data/ballroom/separated/Albums-Chrisanne3-05/vocals.wav,128.0,30.143537414965987,0.0,0.0,
Albums-Fire-02,development,samba,Albums-Fire-02,data/ballroom/B_1.0/audio/Samba/Albums-Fire-02.wav,data/ballroom/separated/Albums-Fire-02/instrumental.wav,data/ballroom/separated/Albums-Fire-02/vocals.wav,104.0,30.71950113378685,1.0,0.03255261195957866,yes
Albums-Fire-13,development,waltz,Albums-Fire-13,data/ballroom/B_1.0/audio/Waltz/Albums-Fire-13.wav,data/ballroom/separated/Albums-Fire-13/instrumental.wav,data/ballroom/separated/Albums-Fire-13/vocals.wav,90.0,30.71950113378685,13.0,0.4231839554745226,yes
Albums-GloriaEstefan_MiTierra-04,development,rumba,Albums-GloriaEstefan_MiTierra-04,data/ballroom/B_1.0/audio/Rumba-American/Albums-GloriaEstefan_MiTierra-04.wav,data/ballroom/separated/Albums-GloriaEstefan_MiTierra-04/instrumental.wav,data/ballroom/separated/Albums-GloriaEstefan_MiTierra-04/vocals.wav,122.0,30.71950113378685,17.0,0.5533944033128373,
Albums-I_Like_It2-01,development,chachacha,Albums-I_Like_It2-01,data/ballroom/B_1.0/audio/ChaChaCha/Albums-I_Like_It2-01.wav,data/ballroom/separated/Albums-I_Like_It2-01/instrumental.wav,data/ballroom/separated/Albums-I_Like_It2-01/vocals.wav,136.0,34.06349206349206,2.0,0.05871388630009319,yes
Albums-I_Like_It2-02,development,chachacha,Albums-I_Like_It2-02,data/ballroom/B_1.0/audio/ChaChaCha/Albums-I_Like_It2-02.wav,data/ballroom/separated/Albums-I_Like_It2-02/instrumental.wav,data/ballroom/separated/Albums-I_Like_It2-02/vocals.wav,123.0,31.787936507936507,7.0,0.2202093236927256,
Albums-Latin_Jam-03,development,samba,Albums-Latin_Jam-03,data/ballroom/B_1.0/audio/Samba/Albums-Latin_Jam-03.wav,data/ballroom/separated/Albums-Latin_Jam-03/instrumental.wav,data/ballroom/separated/Albums-Latin_Jam-03/vocals.wav,104.0,30.143537414965987,0.0,0.0,
Albums-Latin_Jam2-02,development,samba,Albums-Latin_Jam2-02,data/ballroom/B_1.0/audio/Samba/Albums-Latin_Jam2-02.wav,data/ballroom/separated/Albums-Latin_Jam2-02/instrumental.wav,data/ballroom/separated/Albums-Latin_Jam2-02/vocals.wav,104.0,30.04750566893424,7.0,0.2329644289654704,
Albums-Latin_Jam2-03,development,samba,Albums-Latin_Jam2-03,data/ballroom/B_1.0/audio/Samba/Albums-Latin_Jam2-03.wav,data/ballroom/separated/Albums-Latin_Jam2-03/instrumental.wav,data/ballroom/separated/Albums-Latin_Jam2-03/vocals.wav,102.0,30.143537414965987,0.0,0.0,no
Albums-Latin_Jam2-05,development,chachacha,Albums-Latin_Jam2-05,data/ballroom/B_1.0/audio/ChaChaCha/Albums-Latin_Jam2-05.wav,data/ballroom/separated/Albums-Latin_Jam2-05/instrumental.wav,data/ballroom/separated/Albums-Latin_Jam2-05/vocals.wav,128.0,30.143537414965987,0.0,0.0,
Albums-Latin_Jam2-13,development,chachacha,Albums-Latin_Jam2-05,data/ballroom/B_1.0/audio/ChaChaCha/Albums-Latin_Jam2-13.wav,data/ballroom/separated/Albums-Latin_Jam2-13/instrumental.wav,data/ballroom/separated/Albums-Latin_Jam2-13/vocals.wav,128.0,30.143537414965987,0.0,0.0,no
Albums-Latin_Jam2-14,development,samba,Albums-Latin_Jam2-02,data/ballroom/B_1.0/audio/Samba/Albums-Latin_Jam2-14.wav,data/ballroom/separated/Albums-Latin_Jam2-14/instrumental.wav,data/ballroom/separated/Albums-Latin_Jam2-14/vocals.wav,104.0,30.143537414965987,0.0,0.0,
Albums-Latin_Jam3-05,development,samba,Albums-Latin_Jam3-05,data/ballroom/B_1.0/audio/Samba/Albums-Latin_Jam3-05.wav,data/ballroom/separated/Albums-Latin_Jam3-05/instrumental.wav,data/ballroom/separated/Albums-Latin_Jam3-05/vocals.wav,100.0,30.143537414965987,0.0,0.0,
Albums-Latin_Jam3-08,development,rumba,Albums-Latin_Jam3-08,data/ballroom/B_1.0/audio/Rumba-International/Albums-Latin_Jam3-08.wav,data/ballroom/separated/Albums-Latin_Jam3-08/instrumental.wav,data/ballroom/separated/Albums-Latin_Jam3-08/vocals.wav,104.0,30.143537414965987,9.0,0.29857146081108527,yes
Albums-Latin_Jam4-03,development,rumba,Albums-Latin_Jam4-03,data/ballroom/B_1.0/audio/Rumba-International/Albums-Latin_Jam4-03.wav,data/ballroom/separated/Albums-Latin_Jam4-03/instrumental.wav,data/ballroom/separated/Albums-Latin_Jam4-03/vocals.wav,104.0,30.143537414965987,10.0,0.33174606756787256,yes
Albums-Latin_Jam4-10,development,jive,Albums-Latin_Jam4-10,data/ballroom/B_1.0/audio/Jive/Albums-Latin_Jam4-10.wav,data/ballroom/separated/Albums-Latin_Jam4-10/instrumental.wav,data/ballroom/separated/Albums-Latin_Jam4-10/vocals.wav,176.0,30.143537414965987,0.0,0.0,
Albums-Latin_Jam5-03,development,rumba,Albums-Latin_Jam5-03,data/ballroom/B_1.0/audio/Rumba-International/Albums-Latin_Jam5-03.wav,data/ballroom/separated/Albums-Latin_Jam5-03/instrumental.wav,data/ballroom/separated/Albums-Latin_Jam5-03/vocals.wav,104.0,30.143537414965987,11.0,0.3649206743246598,
Albums-Latino_Latino-01,development,chachacha,Albums-Latino_Latino-01,data/ballroom/B_1.0/audio/ChaChaCha/Albums-Latino_Latino-01.wav,data/ballroom/separated/Albums-Latino_Latino-01/instrumental.wav,data/ballroom/separated/Albums-Latino_Latino-01/vocals.wav,128.0,30.71950113378685,4.0,0.13021044783831465,
Albums-Latino_Latino-06,development,chachacha,Albums-Latino_Latino-06,data/ballroom/B_1.0/audio/ChaChaCha/Albums-Latino_Latino-06.wav,data/ballroom/separated/Albums-Latino_Latino-06/instrumental.wav,data/ballroom/separated/Albums-Latino_Latino-06/vocals.wav,109.0,30.71950113378685,0.0,0.0,
Albums-Macumba-08,development,samba,Albums-Macumba-08,data/ballroom/B_1.0/audio/Samba/Albums-Macumba-08.wav,data/ballroom/separated/Albums-Macumba-08/instrumental.wav,data/ballroom/separated/Albums-Macumba-08/vocals.wav,100.0,30.09233560090703,9.0,0.29907947722504885,
Albums-Macumba-10,development,rumba,Albums-Macumba-10,data/ballroom/B_1.0/audio/Rumba-International/Albums-Macumba-10.wav,data/ballroom/separated/Albums-Macumba-10/instrumental.wav,data/ballroom/separated/Albums-Macumba-10/vocals.wav,96.0,30.09233560090703,18.0,0.5981589544500977,yes
Albums-Macumba-12,development,rumba,Albums-Macumba-12,data/ballroom/B_1.0/audio/Rumba-International/Albums-Macumba-12.wav,data/ballroom/separated/Albums-Macumba-12/instrumental.wav,data/ballroom/separated/Albums-Macumba-12/vocals.wav,100.0,30.09233560090703,6.0,0.19938631815003255,yes
Albums-Macumba-14,development,jive,Albums-Macumba-14,data/ballroom/B_1.0/audio/Jive/Albums-Macumba-14.wav,data/ballroom/separated/Albums-Macumba-14/instrumental.wav,data/ballroom/separated/Albums-Macumba-14/vocals.wav,172.0,30.09233560090703,28.0,0.9304694847001519,yes
Albums-Macumba-16,development,jive,Albums-Macumba-16,data/ballroom/B_1.0/audio/Jive/Albums-Macumba-16.wav,data/ballroom/separated/Albums-Macumba-16/instrumental.wav,data/ballroom/separated/Albums-Macumba-16/vocals.wav,168.0,30.09233560090703,25.0,0.8307763256251356,
Albums-Mambo_Kings-03,development,chachacha,Albums-Mambo_Kings-03,data/ballroom/B_1.0/audio/ChaChaCha/Albums-Mambo_Kings-03.wav,data/ballroom/separated/Albums-Mambo_Kings-03/instrumental.wav,data/ballroom/separated/Albums-Mambo_Kings-03/vocals.wav,117.0,30.143537414965987,0.0,0.0,
Albums-Pais_Tropical-02,development,samba,Albums-Pais_Tropical-02,data/ballroom/B_1.0/audio/Samba/Albums-Pais_Tropical-02.wav,data/ballroom/separated/Albums-Pais_Tropical-02/instrumental.wav,data/ballroom/separated/Albums-Pais_Tropical-02/vocals.wav,100.0,30.143537414965987,1.0,0.03317460675678725,
Albums-Pais_Tropical-04,development,samba,Albums-Pais_Tropical-04,data/ballroom/B_1.0/audio/Samba/Albums-Pais_Tropical-04.wav,data/ballroom/separated/Albums-Pais_Tropical-04/instrumental.wav,data/ballroom/separated/Albums-Pais_Tropical-04/vocals.wav,100.0,29.951519274376416,14.0,0.46742203197608834,yes
Albums-Pais_Tropical-08,development,chachacha,Albums-Pais_Tropical-08,data/ballroom/B_1.0/audio/ChaChaCha/Albums-Pais_Tropical-08.wav,data/ballroom/separated/Albums-Pais_Tropical-08/instrumental.wav,data/ballroom/separated/Albums-Pais_Tropical-08/vocals.wav,124.0,30.143537414965987,8.0,0.265396854054298,yes
Albums-Pais_Tropical-09,development,rumba,Albums-Pais_Tropical-09,data/ballroom/B_1.0/audio/Rumba-International/Albums-Pais_Tropical-09.wav,data/ballroom/separated/Albums-Pais_Tropical-09/instrumental.wav,data/ballroom/separated/Albums-Pais_Tropical-09/vocals.wav,100.0,30.143537414965987,12.0,0.39809528108144704,
Albums-Pais_Tropical-10,development,rumba,Albums-Pais_Tropical-10,data/ballroom/B_1.0/audio/Rumba-International/Albums-Pais_Tropical-10.wav,data/ballroom/separated/Albums-Pais_Tropical-10/instrumental.wav,data/ballroom/separated/Albums-Pais_Tropical-10/vocals.wav,100.0,30.143537414965987,7.0,0.2322222472975108,yes
Albums-Secret_Garden-01,development,waltz,Albums-Secret_Garden-01,data/ballroom/B_1.0/audio/Waltz/Albums-Secret_Garden-01.wav,data/ballroom/separated/Albums-Secret_Garden-01/instrumental.wav,data/ballroom/separated/Albums-Secret_Garden-01/vocals.wav,84.0,30.71950113378685,20.0,0.6510522391915732,yes
Albums-Step_By_Step-09,development,viennesewaltz,Albums-Step_By_Step-09,data/ballroom/B_1.0/audio/VienneseWaltz/Albums-Step_By_Step-09.wav,data/ballroom/separated/Albums-Step_By_Step-09/instrumental.wav,data/ballroom/separated/Albums-Step_By_Step-09/vocals.wav,180.0,31.787936507936507,16.0,0.5033355970119442,
Albums-Step_By_Step-10,development,viennesewaltz,Albums-Step_By_Step-10,data/ballroom/B_1.0/audio/VienneseWaltz/Albums-Step_By_Step-10.wav,data/ballroom/separated/Albums-Step_By_Step-10/instrumental.wav,data/ballroom/separated/Albums-Step_By_Step-10/vocals.wav,180.0,31.787936507936507,0.0,0.0,
Albums-StrictlyDancing_Tango-09,development,tango,Albums-StrictlyDancing_Tango-09,data/ballroom/B_1.0/audio/Tango/Albums-StrictlyDancing_Tango-09.wav,data/ballroom/separated/Albums-StrictlyDancing_Tango-09/instrumental.wav,data/ballroom/separated/Albums-StrictlyDancing_Tango-09/vocals.wav,120.0,31.137596371882086,0.0,0.0,no
Media-100604,development,waltz,Media-100604,data/ballroom/B_1.0/audio/Waltz/Media-100604.wav,data/ballroom/separated/Media-100604/instrumental.wav,data/ballroom/separated/Media-100604/vocals.wav,87.0,30.09233560090703,6.0,0.19938631815003255,
Media-100607,development,tango,Media-100607,data/ballroom/B_1.0/audio/Tango/Media-100607.wav,data/ballroom/separated/Media-100607/instrumental.wav,data/ballroom/separated/Media-100607/vocals.wav,128.0,30.09233560090703,27.0,0.8972384316751465,
Media-100608,development,viennesewaltz,Media-100608,data/ballroom/B_1.0/audio/VienneseWaltz/Media-100608.wav,data/ballroom/separated/Media-100608/instrumental.wav,data/ballroom/separated/Media-100608/vocals.wav,180.0,30.09233560090703,20.0,0.6646210605001085,
Media-100610,development,viennesewaltz,Media-100610,data/ballroom/B_1.0/audio/VienneseWaltz/Media-100610.wav,data/ballroom/separated/Media-100610/instrumental.wav,data/ballroom/separated/Media-100610/vocals.wav,177.0,30.09233560090703,1.0,0.033231053025005425,no
Media-103305,development,tango,Media-103305,data/ballroom/B_1.0/audio/Tango/Media-103305.wav,data/ballroom/separated/Media-103305/instrumental.wav,data/ballroom/separated/Media-103305/vocals.wav,128.0,31.787936507936507,1.0,0.03145847481324651,
Media-103313,development,quickstep,Media-103313,data/ballroom/B_1.0/audio/Quickstep/Media-103313.wav,data/ballroom/separated/Media-103313/instrumental.wav,data/ballroom/separated/Media-103313/vocals.wav,204.0,31.787936507936507,0.0,0.0,
Media-103407,development,chachacha,Media-103407,data/ballroom/B_1.0/audio/ChaChaCha/Media-103407.wav,data/ballroom/separated/Media-103407/instrumental.wav,data/ballroom/separated/Media-103407/vocals.wav,124.0,31.787936507936507,11.0,0.34604322294571166,
Media-103507,development,chachacha,Media-103507,data/ballroom/B_1.0/audio/ChaChaCha/Media-103507.wav,data/ballroom/separated/Media-103507/instrumental.wav,data/ballroom/separated/Media-103507/vocals.wav,124.0,31.787936507936507,9.0,0.28312627331921864,
Media-103513,development,rumba,Media-103513,data/ballroom/B_1.0/audio/Rumba-Misc/Media-103513.wav,data/ballroom/separated/Media-103513/instrumental.wav,data/ballroom/separated/Media-103513/vocals.wav,100.0,31.787936507936507,8.0,0.2516677985059721,
Media-103517,development,jive,Media-103517,data/ballroom/B_1.0/audio/Jive/Media-103517.wav,data/ballroom/separated/Media-103517/instrumental.wav,data/ballroom/separated/Media-103517/vocals.wav,176.0,31.787936507936507,28.0,0.8808372947709024,yes
Media-103604,development,chachacha,Media-103604,data/ballroom/B_1.0/audio/ChaChaCha/Media-103604.wav,data/ballroom/separated/Media-103604/instrumental.wav,data/ballroom/separated/Media-103604/vocals.wav,124.0,31.787936507936507,16.0,0.5033355970119442,yes
Media-103607,development,samba,Media-103607,data/ballroom/B_1.0/audio/Samba/Media-103607.wav,data/ballroom/separated/Media-103607/instrumental.wav,data/ballroom/separated/Media-103607/vocals.wav,104.0,31.787936507936507,8.0,0.2516677985059721,
Media-103612,development,jive,Media-103612,data/ballroom/B_1.0/audio/Jive/Media-103612.wav,data/ballroom/separated/Media-103612/instrumental.wav,data/ballroom/separated/Media-103612/vocals.wav,176.0,31.787936507936507,18.0,0.5662525466384373,
Media-103613,development,jive,Media-103613,data/ballroom/B_1.0/audio/Jive/Media-103613.wav,data/ballroom/separated/Media-103613/instrumental.wav,data/ballroom/separated/Media-103613/vocals.wav,176.0,31.787936507936507,17.0,0.5347940718251908,yes
Media-103616,development,rumba,Media-103616,data/ballroom/B_1.0/audio/Rumba-Misc/Media-103616.wav,data/ballroom/separated/Media-103616/instrumental.wav,data/ballroom/separated/Media-103616/vocals.wav,80.0,31.787936507936507,15.0,0.4718771221986977,
Media-103702,development,chachacha,Media-103702,data/ballroom/B_1.0/audio/ChaChaCha/Media-103702.wav,data/ballroom/separated/Media-103702/instrumental.wav,data/ballroom/separated/Media-103702/vocals.wav,124.0,31.787936507936507,3.0,0.09437542443973955,yes
Media-103703,development,chachacha,Media-103703,data/ballroom/B_1.0/audio/ChaChaCha/Media-103703.wav,data/ballroom/separated/Media-103703/instrumental.wav,data/ballroom/separated/Media-103703/vocals.wav,124.0,31.787936507936507,2.0,0.06291694962649302,
Media-103706,development,samba,Media-103706,data/ballroom/B_1.0/audio/Samba/Media-103706.wav,data/ballroom/separated/Media-103706/instrumental.wav,data/ballroom/separated/Media-103706/vocals.wav,104.0,31.787936507936507,1.0,0.03145847481324651,yes
Media-103707,development,samba,Media-103707,data/ballroom/B_1.0/audio/Samba/Media-103707.wav,data/ballroom/separated/Media-103707/instrumental.wav,data/ballroom/separated/Media-103707/vocals.wav,102.0,31.787936507936507,13.0,0.4089601725722047,
Media-103711,development,rumba,Media-103711,data/ballroom/B_1.0/audio/Rumba-Misc/Media-103711.wav,data/ballroom/separated/Media-103711/instrumental.wav,data/ballroom/separated/Media-103711/vocals.wav,100.0,31.787936507936507,6.0,0.1887508488794791,
Media-103716,development,chachacha,Media-103716,data/ballroom/B_1.0/audio/ChaChaCha/Media-103716.wav,data/ballroom/separated/Media-103716/instrumental.wav,data/ballroom/separated/Media-103716/vocals.wav,112.0,31.787936507936507,2.0,0.06291694962649302,yes
Media-103717,development,rumba,Media-103717,data/ballroom/B_1.0/audio/Rumba-Misc/Media-103717.wav,data/ballroom/separated/Media-103717/instrumental.wav,data/ballroom/separated/Media-103717/vocals.wav,76.0,31.787936507936507,20.0,0.6291694962649302,
Media-103718,development,jive,Media-103718,data/ballroom/B_1.0/audio/Jive/Media-103718.wav,data/ballroom/separated/Media-103718/instrumental.wav,data/ballroom/separated/Media-103718/vocals.wav,124.0,31.787936507936507,19.0,0.5977110214516838,
Media-103811,development,rumba,Media-103811,data/ballroom/B_1.0/audio/Rumba-Misc/Media-103811.wav,data/ballroom/separated/Media-103811/instrumental.wav,data/ballroom/separated/Media-103811/vocals.wav,100.0,31.787936507936507,15.0,0.4718771221986977,yes
Media-103813,development,jive,Media-103813,data/ballroom/B_1.0/audio/Jive/Media-103813.wav,data/ballroom/separated/Media-103813/instrumental.wav,data/ballroom/separated/Media-103813/vocals.wav,172.0,31.787936507936507,0.0,0.0,
Media-103907,development,chachacha,Media-103907,data/ballroom/B_1.0/audio/ChaChaCha/Media-103907.wav,data/ballroom/separated/Media-103907/instrumental.wav,data/ballroom/separated/Media-103907/vocals.wav,124.0,31.787936507936507,27.0,0.8493788199576559,
Media-103908,development,chachacha,Media-103908,data/ballroom/B_1.0/audio/ChaChaCha/Media-103908.wav,data/ballroom/separated/Media-103908/instrumental.wav,data/ballroom/separated/Media-103908/vocals.wav,124.0,31.787936507936507,6.0,0.1887508488794791,
Media-103919,development,jive,Media-103919,data/ballroom/B_1.0/audio/Jive/Media-103919.wav,data/ballroom/separated/Media-103919/instrumental.wav,data/ballroom/separated/Media-103919/vocals.wav,160.0,31.787936507936507,2.0,0.06291694962649302,
Media-103920,development,jive,Media-103920,data/ballroom/B_1.0/audio/Jive/Media-103920.wav,data/ballroom/separated/Media-103920/instrumental.wav,data/ballroom/separated/Media-103920/vocals.wav,168.0,31.787936507936507,15.0,0.4718771221986977,
Media-104003,development,samba,Media-104003,data/ballroom/B_1.0/audio/Samba/Media-104003.wav,data/ballroom/separated/Media-104003/instrumental.wav,data/ballroom/separated/Media-104003/vocals.wav,100.0,31.787936507936507,1.0,0.03145847481324651,
Media-104104,development,samba,Media-104104,data/ballroom/B_1.0/audio/Samba/Media-104104.wav,data/ballroom/separated/Media-104104/instrumental.wav,data/ballroom/separated/Media-104104/vocals.wav,100.0,31.787936507936507,3.0,0.09437542443973955,yes
Media-104106,development,chachacha,Media-104106,data/ballroom/B_1.0/audio/ChaChaCha/Media-104106.wav,data/ballroom/separated/Media-104106/instrumental.wav,data/ballroom/separated/Media-104106/vocals.wav,124.0,31.787936507936507,11.0,0.34604322294571166,yes
Media-104118,development,jive,Media-104118,data/ballroom/B_1.0/audio/Jive/Media-104118.wav,data/ballroom/separated/Media-104118/instrumental.wav,data/ballroom/separated/Media-104118/vocals.wav,172.0,31.787936507936507,27.0,0.8493788199576559,yes
Media-104204,development,waltz,Media-104204,data/ballroom/B_1.0/audio/Waltz/Media-104204.wav,data/ballroom/separated/Media-104204/instrumental.wav,data/ballroom/separated/Media-104204/vocals.wav,87.0,31.787936507936507,12.0,0.3775016977589582,
Media-104208,development,tango,Media-104208,data/ballroom/B_1.0/audio/Tango/Media-104208.wav,data/ballroom/separated/Media-104208/instrumental.wav,data/ballroom/separated/Media-104208/vocals.wav,128.0,31.787936507936507,0.0,0.0,no
Media-104218,development,quickstep,Media-104218,data/ballroom/B_1.0/audio/Quickstep/Media-104218.wav,data/ballroom/separated/Media-104218/instrumental.wav,data/ballroom/separated/Media-104218/vocals.wav,204.0,31.787936507936507,0.0,0.0,
Media-104301,development,waltz,Media-104301,data/ballroom/B_1.0/audio/Waltz/Media-104301.wav,data/ballroom/separated/Media-104301/instrumental.wav,data/ballroom/separated/Media-104301/vocals.wav,84.0,31.787936507936507,20.0,0.6291694962649302,yes
Media-104303,development,waltz,Media-104303,data/ballroom/B_1.0/audio/Waltz/Media-104303.wav,data/ballroom/separated/Media-104303/instrumental.wav,data/ballroom/separated/Media-104303/vocals.wav,87.0,31.787936507936507,26.0,0.8179203451444094,
Media-104304,development,tango,Media-104304,data/ballroom/B_1.0/audio/Tango/Media-104304.wav,data/ballroom/separated/Media-104304/instrumental.wav,data/ballroom/separated/Media-104304/vocals.wav,120.0,31.787936507936507,21.0,0.6606279710781768,
Media-104306,development,tango,Media-104306,data/ballroom/B_1.0/audio/Tango/Media-104306.wav,data/ballroom/separated/Media-104306/instrumental.wav,data/ballroom/separated/Media-104306/vocals.wav,128.0,31.787936507936507,1.0,0.03145847481324651,
Media-104307,development,viennesewaltz,Media-104307,data/ballroom/B_1.0/audio/VienneseWaltz/Media-104307.wav,data/ballroom/separated/Media-104307/instrumental.wav,data/ballroom/separated/Media-104307/vocals.wav,180.0,31.787936507936507,29.0,0.9122957695841489,yes
Media-104315,development,quickstep,Media-104315,data/ballroom/B_1.0/audio/Quickstep/Media-104315.wav,data/ballroom/separated/Media-104315/instrumental.wav,data/ballroom/separated/Media-104315/vocals.wav,208.0,31.787936507936507,22.0,0.6920864458914233,
Media-104601,development,waltz,Media-104601,data/ballroom/B_1.0/audio/Waltz/Media-104601.wav,data/ballroom/separated/Media-104601/instrumental.wav,data/ballroom/separated/Media-104601/vocals.wav,87.0,31.787936507936507,20.0,0.6291694962649302,
Media-104703,development,waltz,Media-104703,data/ballroom/B_1.0/audio/Waltz/Media-104703.wav,data/ballroom/separated/Media-104703/instrumental.wav,data/ballroom/separated/Media-104703/vocals.wav,87.0,31.787936507936507,10.0,0.3145847481324651,
Media-104705,development,waltz,Albums-Secret_Garden-01,data/ballroom/B_1.0/audio/Waltz/Media-104705.wav,data/ballroom/separated/Media-104705/instrumental.wav,data/ballroom/separated/Media-104705/vocals.wav,81.0,31.787936507936507,20.0,0.6291694962649302,
Media-104710,development,tango,Media-104710,data/ballroom/B_1.0/audio/Tango/Media-104710.wav,data/ballroom/separated/Media-104710/instrumental.wav,data/ballroom/separated/Media-104710/vocals.wav,132.0,31.787936507936507,0.0,0.0,
Media-104712,development,viennesewaltz,Media-104712,data/ballroom/B_1.0/audio/VienneseWaltz/Media-104712.wav,data/ballroom/separated/Media-104712/instrumental.wav,data/ballroom/separated/Media-104712/vocals.wav,180.0,31.787936507936507,2.0,0.06291694962649302,no
Media-104803,development,waltz,Media-104803,data/ballroom/B_1.0/audio/Waltz/Media-104803.wav,data/ballroom/separated/Media-104803/instrumental.wav,data/ballroom/separated/Media-104803/vocals.wav,87.0,31.787936507936507,15.0,0.4718771221986977,no
Media-104811,development,viennesewaltz,Media-104811,data/ballroom/B_1.0/audio/VienneseWaltz/Media-104811.wav,data/ballroom/separated/Media-104811/instrumental.wav,data/ballroom/separated/Media-104811/vocals.wav,180.0,31.787936507936507,0.0,0.0,
Media-104815,development,quickstep,Media-104815,data/ballroom/B_1.0/audio/Quickstep/Media-104815.wav,data/ballroom/separated/Media-104815/instrumental.wav,data/ballroom/separated/Media-104815/vocals.wav,204.0,31.787936507936507,0.0,0.0,
Media-104901,development,waltz,Media-104901,data/ballroom/B_1.0/audio/Waltz/Media-104901.wav,data/ballroom/separated/Media-104901/instrumental.wav,data/ballroom/separated/Media-104901/vocals.wav,84.0,31.787936507936507,12.0,0.3775016977589582,yes
Media-104902,development,waltz,Media-104902,data/ballroom/B_1.0/audio/Waltz/Media-104902.wav,data/ballroom/separated/Media-104902/instrumental.wav,data/ballroom/separated/Media-104902/vocals.wav,84.0,31.787936507936507,12.0,0.3775016977589582,
Media-104915,development,quickstep,Media-104915,data/ballroom/B_1.0/audio/Quickstep/Media-104915.wav,data/ballroom/separated/Media-104915/instrumental.wav,data/ballroom/separated/Media-104915/vocals.wav,204.0,31.787936507936507,19.0,0.5977110214516838,yes
Media-104916,development,quickstep,Media-104916,data/ballroom/B_1.0/audio/Quickstep/Media-104916.wav,data/ballroom/separated/Media-104916/instrumental.wav,data/ballroom/separated/Media-104916/vocals.wav,204.0,31.787936507936507,18.0,0.5662525466384373,
Media-104917,development,quickstep,Media-104917,data/ballroom/B_1.0/audio/Quickstep/Media-104917.wav,data/ballroom/separated/Media-104917/instrumental.wav,data/ballroom/separated/Media-104917/vocals.wav,204.0,31.787936507936507,24.0,0.7550033955179164,
Media-105003,development,waltz,Media-105003,data/ballroom/B_1.0/audio/Waltz/Media-105003.wav,data/ballroom/separated/Media-105003/instrumental.wav,data/ballroom/separated/Media-105003/vocals.wav,87.0,31.787936507936507,29.0,0.9122957695841489,
Media-105008,development,tango,Media-105008,data/ballroom/B_1.0/audio/Tango/Media-105008.wav,data/ballroom/separated/Media-105008/instrumental.wav,data/ballroom/separated/Media-105008/vocals.wav,128.0,31.787936507936507,0.0,0.0,
Media-105017,development,quickstep,Media-105017,data/ballroom/B_1.0/audio/Quickstep/Media-105017.wav,data/ballroom/separated/Media-105017/instrumental.wav,data/ballroom/separated/Media-105017/vocals.wav,204.0,31.787936507936507,22.0,0.6920864458914233,
Media-105106,development,waltz,Media-105106,data/ballroom/B_1.0/audio/Waltz/Media-105106.wav,data/ballroom/separated/Media-105106/instrumental.wav,data/ballroom/separated/Media-105106/vocals.wav,87.0,31.787936507936507,0.0,0.0,
Media-105108,development,tango,Media-105108,data/ballroom/B_1.0/audio/Tango/Media-105108.wav,data/ballroom/separated/Media-105108/instrumental.wav,data/ballroom/separated/Media-105108/vocals.wav,128.0,31.787936507936507,1.0,0.03145847481324651,no
Media-105119,development,quickstep,Media-105119,data/ballroom/B_1.0/audio/Quickstep/Media-105119.wav,data/ballroom/separated/Media-105119/instrumental.wav,data/ballroom/separated/Media-105119/vocals.wav,204.0,31.787936507936507,25.0,0.7864618703311629,yes
Media-105121,development,quickstep,Media-105121,data/ballroom/B_1.0/audio/Quickstep/Media-105121.wav,data/ballroom/separated/Media-105121/instrumental.wav,data/ballroom/separated/Media-105121/vocals.wav,200.0,31.787936507936507,17.0,0.5347940718251908,
Media-105122,development,quickstep,Media-105122,data/ballroom/B_1.0/audio/Quickstep/Media-105122.wav,data/ballroom/separated/Media-105122/instrumental.wav,data/ballroom/separated/Media-105122/vocals.wav,208.0,31.787936507936507,25.0,0.7864618703311629,yes
Media-105207,development,quickstep,Media-105207,data/ballroom/B_1.0/audio/Quickstep/Media-105207.wav,data/ballroom/separated/Media-105207/instrumental.wav,data/ballroom/separated/Media-105207/vocals.wav,219.0,30.71950113378685,20.0,0.6510522391915732,
Media-105209,development,rumba,Media-105209,data/ballroom/B_1.0/audio/Rumba-Misc/Media-105209.wav,data/ballroom/separated/Media-105209/instrumental.wav,data/ballroom/separated/Media-105209/vocals.wav,92.0,30.71950113378685,3.0,0.09765783587873599,
Media-105213,development,waltz,Media-105213,data/ballroom/B_1.0/audio/Waltz/Media-105213.wav,data/ballroom/separated/Media-105213/instrumental.wav,data/ballroom/separated/Media-105213/vocals.wav,60.0,30.71950113378685,24.0,0.7812626870298879,yes
Media-105302,development,waltz,Media-105302,data/ballroom/B_1.0/audio/Waltz/Media-105302.wav,data/ballroom/separated/Media-105302/instrumental.wav,data/ballroom/separated/Media-105302/vocals.wav,87.0,31.787936507936507,25.0,0.7864618703311629,
Media-105314,development,quickstep,Media-105314,data/ballroom/B_1.0/audio/Quickstep/Media-105314.wav,data/ballroom/separated/Media-105314/instrumental.wav,data/ballroom/separated/Media-105314/vocals.wav,200.0,31.787936507936507,24.0,0.7550033955179164,yes
Media-105318,development,viennesewaltz,Media-105318,data/ballroom/B_1.0/audio/VienneseWaltz/Media-105318.wav,data/ballroom/separated/Media-105318/instrumental.wav,data/ballroom/separated/Media-105318/vocals.wav,177.0,31.787936507936507,0.0,0.0,no
Media-105403,development,samba,Media-105403,data/ballroom/B_1.0/audio/Samba/Media-105403.wav,data/ballroom/separated/Media-105403/instrumental.wav,data/ballroom/separated/Media-105403/vocals.wav,102.0,31.787936507936507,15.0,0.4718771221986977,yes
Media-105406,development,chachacha,Media-105406,data/ballroom/B_1.0/audio/ChaChaCha/Media-105406.wav,data/ballroom/separated/Media-105406/instrumental.wav,data/ballroom/separated/Media-105406/vocals.wav,124.0,31.787936507936507,5.0,0.15729237406623256,
Media-105509,development,viennesewaltz,Media-105509,data/ballroom/B_1.0/audio/VienneseWaltz/Media-105509.wav,data/ballroom/separated/Media-105509/instrumental.wav,data/ballroom/separated/Media-105509/vocals.wav,177.0,31.787936507936507,4.0,0.12583389925298605,
Media-105511,development,viennesewaltz,Media-105511,data/ballroom/B_1.0/audio/VienneseWaltz/Media-105511.wav,data/ballroom/separated/Media-105511/instrumental.wav,data/ballroom/separated/Media-105511/vocals.wav,177.0,31.787936507936507,0.0,0.0,
Media-105611,development,rumba,Media-105611,data/ballroom/B_1.0/audio/Rumba-International/Media-105611.wav,data/ballroom/separated/Media-105611/instrumental.wav,data/ballroom/separated/Media-105611/vocals.wav,104.0,31.787936507936507,7.0,0.2202093236927256,
Media-105613,development,rumba,Media-105613,data/ballroom/B_1.0/audio/Rumba-International/Media-105613.wav,data/ballroom/separated/Media-105613/instrumental.wav,data/ballroom/separated/Media-105613/vocals.wav,104.0,31.787936507936507,11.0,0.34604322294571166,
Media-105615,development,rumba,Media-105615,data/ballroom/B_1.0/audio/Rumba-International/Media-105615.wav,data/ballroom/separated/Media-105615/instrumental.wav,data/ballroom/separated/Media-105615/vocals.wav,104.0,31.787936507936507,0.0,0.0,no
Media-105702,development,waltz,Media-105702,data/ballroom/B_1.0/audio/Waltz/Media-105702.wav,data/ballroom/separated/Media-105702/instrumental.wav,data/ballroom/separated/Media-105702/vocals.wav,87.0,31.787936507936507,20.0,0.6291694962649302,yes
Media-105708,development,viennesewaltz,Media-105708,data/ballroom/B_1.0/audio/VienneseWaltz/Media-105708.wav,data/ballroom/separated/Media-105708/instrumental.wav,data/ballroom/separated/Media-105708/vocals.wav,177.0,31.787936507936507,0.0,0.0,
Media-105806,development,tango,Media-105806,data/ballroom/B_1.0/audio/Tango/Media-105806.wav,data/ballroom/separated/Media-105806/instrumental.wav,data/ballroom/separated/Media-105806/vocals.wav,128.0,31.787936507936507,0.0,0.0,no
Media-105808,development,tango,Media-105808,data/ballroom/B_1.0/audio/Tango/Media-105808.wav,data/ballroom/separated/Media-105808/instrumental.wav,data/ballroom/separated/Media-105808/vocals.wav,128.0,31.787936507936507,0.0,0.0,
Media-105809,development,viennesewaltz,Media-105809,data/ballroom/B_1.0/audio/VienneseWaltz/Media-105809.wav,data/ballroom/separated/Media-105809/instrumental.wav,data/ballroom/separated/Media-105809/vocals.wav,177.0,31.787936507936507,0.0,0.0,
Media-105903,development,tango,Media-105903,data/ballroom/B_1.0/audio/Tango/Media-105903.wav,data/ballroom/separated/Media-105903/instrumental.wav,data/ballroom/separated/Media-105903/vocals.wav,132.0,31.787936507936507,0.0,0.0,no
Media-105906,development,tango,Media-105906,data/ballroom/B_1.0/audio/Tango/Media-105906.wav,data/ballroom/separated/Media-105906/instrumental.wav,data/ballroom/separated/Media-105906/vocals.wav,128.0,31.787936507936507,0.0,0.0,
Media-105911,development,quickstep,Media-105911,data/ballroom/B_1.0/audio/Quickstep/Media-105911.wav,data/ballroom/separated/Media-105911/instrumental.wav,data/ballroom/separated/Media-105911/vocals.wav,204.0,31.787936507936507,22.0,0.6920864458914233,
Media-106001,development,samba,Media-106001,data/ballroom/B_1.0/audio/Samba/Media-106001.wav,data/ballroom/separated/Media-106001/instrumental.wav,data/ballroom/separated/Media-106001/vocals.wav,100.0,31.787936507936507,9.0,0.28312627331921864,
Media-106008,development,chachacha,Media-106008,data/ballroom/B_1.0/audio/ChaChaCha/Media-106008.wav,data/ballroom/separated/Media-106008/instrumental.wav,data/ballroom/separated/Media-106008/vocals.wav,124.0,31.787936507936507,7.0,0.2202093236927256,
Media-106010,development,rumba,Media-106010,data/ballroom/B_1.0/audio/Rumba-International/Media-106010.wav,data/ballroom/separated/Media-106010/instrumental.wav,data/ballroom/separated/Media-106010/vocals.wav,92.0,31.787936507936507,7.0,0.2202093236927256,
Media-106101,development,chachacha,Media-106101,data/ballroom/B_1.0/audio/ChaChaCha/Media-106101.wav,data/ballroom/separated/Media-106101/instrumental.wav,data/ballroom/separated/Media-106101/vocals.wav,124.0,31.787936507936507,6.0,0.1887508488794791,yes
Media-106114,development,jive,Media-106114,data/ballroom/B_1.0/audio/Jive/Media-106114.wav,data/ballroom/separated/Media-106114/instrumental.wav,data/ballroom/separated/Media-106114/vocals.wav,168.0,31.787936507936507,22.0,0.6920864458914233,
