track_id,human_vocals,estimated_vocal_seconds,estimated_vocal_fraction,strong_vocal_candidate
Albums-Ballroom_Classics4-09,no,1.0,0.03145847481324651,False
Albums-Ballroom_Classics4-11,no,0.0,0.0,False
Albums-Ballroom_Magic-15,yes,2.0,0.06656126541870583,False
Albums-Chrisanne1-13,yes,23.0,0.7630159554061068,True
Albums-Chrisanne2-03,yes,15.0,0.4976191013518088,True
Albums-Fire-02,yes,1.0,0.03255261195957866,False
Albums-Fire-13,yes,13.0,0.4231839554745226,True
Albums-I_Like_It2-01,yes,2.0,0.05871388630009319,False
Albums-Latin_Jam2-03,no,0.0,0.0,False
Albums-Latin_Jam2-13,no,0.0,0.0,False
Albums-Latin_Jam3-08,yes,9.0,0.29857146081108527,False
Albums-Latin_Jam4-03,yes,10.0,0.33174606756787256,False
Albums-Macumba-10,yes,18.0,0.5981589544500977,True
Albums-Macumba-12,yes,6.0,0.19938631815003255,False
Albums-Macumba-14,yes,28.0,0.9304694847001519,True
Albums-Pais_Tropical-04,yes,14.0,0.46742203197608834,True
Albums-Pais_Tropical-08,yes,8.0,0.265396854054298,False
Albums-Pais_Tropical-10,yes,7.0,0.2322222472975108,False
Albums-Secret_Garden-01,yes,20.0,0.6510522391915732,True
Albums-StrictlyDancing_Tango-09,no,0.0,0.0,False
Media-100610,no,1.0,0.033231053025005425,False
Media-103517,yes,28.0,0.8808372947709024,True
Media-103604,yes,16.0,0.5033355970119442,True
Media-103613,yes,17.0,0.5347940718251908,True
Media-103702,yes,3.0,0.09437542443973955,False
Media-103706,yes,1.0,0.03145847481324651,False
Media-103716,yes,2.0,0.06291694962649302,False
Media-103811,yes,15.0,0.4718771221986977,True
Media-104104,yes,3.0,0.09437542443973955,False
Media-104106,yes,11.0,0.34604322294571166,True
Media-104118,yes,27.0,0.8493788199576559,True
Media-104208,no,0.0,0.0,False
Media-104301,yes,20.0,0.6291694962649302,True
Media-104307,yes,29.0,0.9122957695841489,True
Media-104712,no,2.0,0.06291694962649302,False
Media-104803,no,15.0,0.4718771221986977,True
Media-104901,yes,12.0,0.3775016977589582,True
Media-104915,yes,19.0,0.5977110214516838,True
Media-105108,no,1.0,0.03145847481324651,False
Media-105119,yes,25.0,0.7864618703311629,True
Media-105122,yes,25.0,0.7864618703311629,True
Media-105213,yes,24.0,0.7812626870298879,True
Media-105314,yes,24.0,0.7550033955179164,True
Media-105318,no,0.0,0.0,False
Media-105403,yes,15.0,0.4718771221986977,True
Media-105615,no,0.0,0.0,False
Media-105702,yes,20.0,0.6291694962649302,True
Media-105806,no,0.0,0.0,False
Media-105903,no,0.0,0.0,False
Media-106101,yes,6.0,0.1887508488794791,False
